INSERT INTO `book_types` (`id`, `name`) VALUES ('1', 'Sách Kinh tế');
INSERT INTO `book_types` (`id`, `name`) VALUES ('2', 'Sách Văn Học');
INSERT INTO `book_types` (`id`, `name`) VALUES ('3', 'Sách Tâm Lý');
INSERT INTO `book_types` (`id`, `name`) VALUES ('4', 'Tiểu Sử - Hồi Ký');
-- add user
insert into user (username, password, is_delete) values ('vkunkel0', '$2a$10$pZNW3zOtmMXwvWeWmRZYxeSbhRKvZE20dxWKQIX2SGlOTXKCBGfJC', 0);
insert into user (username, password, is_delete) values ('ppulley1', '$2a$10$pZNW3zOtmMXwvWeWmRZYxeSbhRKvZE20dxWKQIX2SGlOTXKCBGfJC', 0);
insert into user (username, password, is_delete) values ('wkleinhausen2', '$2a$10$pZNW3zOtmMXwvWeWmRZYxeSbhRKvZE20dxWKQIX2SGlOTXKCBGfJC', 0);
insert into user (username, password, is_delete) values ('idoick3', '$2a$10$pZNW3zOtmMXwvWeWmRZYxeSbhRKvZE20dxWKQIX2SGlOTXKCBGfJC', 0);
insert into user (username, password, is_delete) values ('rpalin4', '$2a$10$pZNW3zOtmMXwvWeWmRZYxeSbhRKvZE20dxWKQIX2SGlOTXKCBGfJC', 0);
insert into user (username, password, is_delete) values ('lgillebride5', '$2a$10$pZNW3zOtmMXwvWeWmRZYxeSbhRKvZE20dxWKQIX2SGlOTXKCBGfJC', 0);
insert into user (username, password, is_delete) values ('rskylett6', '$2a$10$pZNW3zOtmMXwvWeWmRZYxeSbhRKvZE20dxWKQIX2SGlOTXKCBGfJC', 0);
insert into user (username, password, is_delete) values ('lgrossman7', '$2a$10$pZNW3zOtmMXwvWeWmRZYxeSbhRKvZE20dxWKQIX2SGlOTXKCBGfJC', 0);
insert into user (username, password, is_delete) values ('ralbro8', '$2a$10$pZNW3zOtmMXwvWeWmRZYxeSbhRKvZE20dxWKQIX2SGlOTXKCBGfJC', 0);
insert into user (username, password, is_delete) values ('jtwyford9', '$2a$10$pZNW3zOtmMXwvWeWmRZYxeSbhRKvZE20dxWKQIX2SGlOTXKCBGfJC', 0);
insert into user (username, password, is_delete) values ('groberdsa', '$2a$10$pZNW3zOtmMXwvWeWmRZYxeSbhRKvZE20dxWKQIX2SGlOTXKCBGfJC', 0);
insert into user (username, password, is_delete) values ('zolliffb', '$2a$10$pZNW3zOtmMXwvWeWmRZYxeSbhRKvZE20dxWKQIX2SGlOTXKCBGfJC', 0);
insert into user (username, password, is_delete) values ('ldaykinc', '$2a$10$pZNW3zOtmMXwvWeWmRZYxeSbhRKvZE20dxWKQIX2SGlOTXKCBGfJC', 0);
insert into user (username, password, is_delete) values ('cstanyardd', '$2a$10$pZNW3zOtmMXwvWeWmRZYxeSbhRKvZE20dxWKQIX2SGlOTXKCBGfJC', 0);
insert into user (username, password, is_delete) values ('scoatene', '$2a$10$pZNW3zOtmMXwvWeWmRZYxeSbhRKvZE20dxWKQIX2SGlOTXKCBGfJC', 0);
insert into user (username, password, is_delete) values ('dbretonf', '$2a$10$pZNW3zOtmMXwvWeWmRZYxeSbhRKvZE20dxWKQIX2SGlOTXKCBGfJC', 0);
insert into user (username, password, is_delete) values ('abristog', '$2a$10$pZNW3zOtmMXwvWeWmRZYxeSbhRKvZE20dxWKQIX2SGlOTXKCBGfJC', 0);
insert into user (username, password, is_delete) values ('kmacallisterh', '$2a$10$pZNW3zOtmMXwvWeWmRZYxeSbhRKvZE20dxWKQIX2SGlOTXKCBGfJC', 0);
insert into user (username, password, is_delete) values ('wforthi', '$2a$10$pZNW3zOtmMXwvWeWmRZYxeSbhRKvZE20dxWKQIX2SGlOTXKCBGfJC', 0);
insert into user (username, password, is_delete) values ('jpitcaithlyj', '$2a$10$pZNW3zOtmMXwvWeWmRZYxeSbhRKvZE20dxWKQIX2SGlOTXKCBGfJC', 0);
insert into user (username, password, is_delete) values ('ljoustk', '$2a$10$pZNW3zOtmMXwvWeWmRZYxeSbhRKvZE20dxWKQIX2SGlOTXKCBGfJC', 0);
insert into user (username, password, is_delete) values ('rdavsonl', '$2a$10$pZNW3zOtmMXwvWeWmRZYxeSbhRKvZE20dxWKQIX2SGlOTXKCBGfJC', 0);
insert into user (username, password, is_delete) values ('admin', '$2a$10$pZNW3zOtmMXwvWeWmRZYxeSbhRKvZE20dxWKQIX2SGlOTXKCBGfJC', 0);
insert into user (username, password, is_delete) values ('rlomazn', '$2a$10$pZNW3zOtmMXwvWeWmRZYxeSbhRKvZE20dxWKQIX2SGlOTXKCBGfJC', 0);
insert into user (username, password, is_delete) values ('ssauvano', '$2a$10$pZNW3zOtmMXwvWeWmRZYxeSbhRKvZE20dxWKQIX2SGlOTXKCBGfJC', 0);
insert into user (username, password, is_delete) values ('customer', '$2a$10$pZNW3zOtmMXwvWeWmRZYxeSbhRKvZE20dxWKQIX2SGlOTXKCBGfJC', 0);
insert into user (username, password, is_delete) values ('thradskyq', '$2a$10$pZNW3zOtmMXwvWeWmRZYxeSbhRKvZE20dxWKQIX2SGlOTXKCBGfJC', 0);
insert into user (username, password, is_delete) values ('dcherrettr', '$2a$10$pZNW3zOtmMXwvWeWmRZYxeSbhRKvZE20dxWKQIX2SGlOTXKCBGfJC', 0);
insert into user (username, password, is_delete) values ('pbisleys', '$2a$10$pZNW3zOtmMXwvWeWmRZYxeSbhRKvZE20dxWKQIX2SGlOTXKCBGfJC', 0);
insert into user (username, password, is_delete) values ('elockett', '$2a$10$pZNW3zOtmMXwvWeWmRZYxeSbhRKvZE20dxWKQIX2SGlOTXKCBGfJC', 0);
insert into user (username, password, is_delete) values ('addmin', '$2a$10$pZNW3zOtmMXwvWeWmRZYxeSbhRKvZE20dxWKQIX2SGlOTXKCBGfJC', 0);
insert into user (username, password, is_delete) values ('mclarson0', '$2a$10$pZNW3zOtmMXwvWeWmRZYxeSbhRKvZE20dxWKQIX2SGlOTXKCBGfJC', 0);
insert into user (username, password, is_delete) values ('chancell1', '$2a$10$pZNW3zOtmMXwvWeWmRZYxeSbhRKvZE20dxWKQIX2SGlOTXKCBGfJC', 0);
insert into user (username, password, is_delete) values ('dranscome2', '$2a$10$pZNW3zOtmMXwvWeWmRZYxeSbhRKvZE20dxWKQIX2SGlOTXKCBGfJC', 0);
insert into user (username, password, is_delete) values ('tromeo3', '$2a$10$pZNW3zOtmMXwvWeWmRZYxeSbhRKvZE20dxWKQIX2SGlOTXKCBGfJC', 0);
insert into user (username, password, is_delete) values ('cpulman4', '$2a$10$pZNW3zOtmMXwvWeWmRZYxeSbhRKvZE20dxWKQIX2SGlOTXKCBGfJC', 0);
insert into user (username, password, is_delete) values ('mtorel5', '$2a$10$pZNW3zOtmMXwvWeWmRZYxeSbhRKvZE20dxWKQIX2SGlOTXKCBGfJC', 0);
insert into user (username, password, is_delete) values ('iyeats6', '$2a$10$pZNW3zOtmMXwvWeWmRZYxeSbhRKvZE20dxWKQIX2SGlOTXKCBGfJC', 0);
insert into user (username, password, is_delete) values ('ehevner7', '$2a$10$pZNW3zOtmMXwvWeWmRZYxeSbhRKvZE20dxWKQIX2SGlOTXKCBGfJC', 0);
insert into user (username, password, is_delete) values ('phover8', '$2a$10$pZNW3zOtmMXwvWeWmRZYxeSbhRKvZE20dxWKQIX2SGlOTXKCBGfJC', 0);
insert into user (username, password, is_delete) values ('sbirrel9', '$2a$10$pZNW3zOtmMXwvWeWmRZYxeSbhRKvZE20dxWKQIX2SGlOTXKCBGfJC', 0);
insert into user (username, password, is_delete) values ('ckoenea', '$2a$10$pZNW3zOtmMXwvWeWmRZYxeSbhRKvZE20dxWKQIX2SGlOTXKCBGfJC', 0);
insert into user (username, password, is_delete) values ('epaneb', '$2a$10$pZNW3zOtmMXwvWeWmRZYxeSbhRKvZE20dxWKQIX2SGlOTXKCBGfJC', 0);
insert into user (username, password, is_delete) values ('pgreggersenc', '$2a$10$pZNW3zOtmMXwvWeWmRZYxeSbhRKvZE20dxWKQIX2SGlOTXKCBGfJC', 0);
insert into user (username, password, is_delete) values ('ipottesd', '$2a$10$pZNW3zOtmMXwvWeWmRZYxeSbhRKvZE20dxWKQIX2SGlOTXKCBGfJC', 0);
insert into user (username, password, is_delete) values ('gsheepye', '$2a$10$pZNW3zOtmMXwvWeWmRZYxeSbhRKvZE20dxWKQIX2SGlOTXKCBGfJC', 0);
insert into user (username, password, is_delete) values ('wstrangwoodf', '$2a$10$pZNW3zOtmMXwvWeWmRZYxeSbhRKvZE20dxWKQIX2SGlOTXKCBGfJC', 0);
insert into user (username, password, is_delete) values ('gbarriballg', '$2a$10$pZNW3zOtmMXwvWeWmRZYxeSbhRKvZE20dxWKQIX2SGlOTXKCBGfJC', 0);
insert into user (username, password, is_delete) values ('ssodorh', '$2a$10$pZNW3zOtmMXwvWeWmRZYxeSbhRKvZE20dxWKQIX2SGlOTXKCBGfJC', 0);
insert into user (username, password, is_delete) values ('tchapplei', '$2a$10$pZNW3zOtmMXwvWeWmRZYxeSbhRKvZE20dxWKQIX2SGlOTXKCBGfJC', 0);
insert into user (username, password, is_delete) values ('abranchflowerj', '$2a$10$pZNW3zOtmMXwvWeWmRZYxeSbhRKvZE20dxWKQIX2SGlOTXKCBGfJC', 0);
insert into user (username, password, is_delete) values ('gabyssk', '$2a$10$pZNW3zOtmMXwvWeWmRZYxeSbhRKvZE20dxWKQIX2SGlOTXKCBGfJC', 0);
insert into user (username, password, is_delete) values ('wdanneill', '$2a$10$pZNW3zOtmMXwvWeWmRZYxeSbhRKvZE20dxWKQIX2SGlOTXKCBGfJC', 0);
insert into user (username, password, is_delete) values ('fgyurkom', '$2a$10$pZNW3zOtmMXwvWeWmRZYxeSbhRKvZE20dxWKQIX2SGlOTXKCBGfJC', 0);
insert into user (username, password, is_delete) values ('dmillardn', '$2a$10$pZNW3zOtmMXwvWeWmRZYxeSbhRKvZE20dxWKQIX2SGlOTXKCBGfJC', 0);
insert into user (username, password, is_delete) values ('daspinalo', '$2a$10$pZNW3zOtmMXwvWeWmRZYxeSbhRKvZE20dxWKQIX2SGlOTXKCBGfJC', 0);
insert into user (username, password, is_delete) values ('kduftonp', '$2a$10$pZNW3zOtmMXwvWeWmRZYxeSbhRKvZE20dxWKQIX2SGlOTXKCBGfJC', 0);
insert into user (username, password, is_delete) values ('cwilkensonq', '$2a$10$pZNW3zOtmMXwvWeWmRZYxeSbhRKvZE20dxWKQIX2SGlOTXKCBGfJC', 0);
insert into user (username, password, is_delete) values ('cmatteottir', '$2a$10$pZNW3zOtmMXwvWeWmRZYxeSbhRKvZE20dxWKQIX2SGlOTXKCBGfJC', 0);
insert into user (username, password, is_delete) values ('employee', '$2a$10$pZNW3zOtmMXwvWeWmRZYxeSbhRKvZE20dxWKQIX2SGlOTXKCBGfJC', 0);
insert into user (username, password, is_delete) values ('cquinceet', '$2a$10$pZNW3zOtmMXwvWeWmRZYxeSbhRKvZE20dxWKQIX2SGlOTXKCBGfJC', 0);

-- add roles
INSERT INTO `role` (`id`, `is_delete`, `name`) VALUES ('1', 0, 'ROLE_ADMIN');
INSERT INTO `role` (`id`, `is_delete`, `name`) VALUES ('2', 0, 'ROLE_EMPLOYEE');
INSERT INTO `role` (`id`, `is_delete`, `name`) VALUES ('3', 0, 'ROLE_CUSTOMER');

-- add user_role
INSERT INTO `user_role` (`username`, `role_id`,is_delete) VALUES ('admin', '1',0);
INSERT INTO `user_role` (`username`, `role_id`,is_delete) VALUES ('admin', '2',0);
INSERT INTO `user_role` (`username`, `role_id`,is_delete) VALUES ('admin', '3',0);
INSERT INTO `user_role` (`username`, `role_id`,is_delete) VALUES ('employee', '2',0);
INSERT INTO `user_role` (`username`, `role_id`,is_delete) VALUES ('employee', '3',0);
INSERT INTO `user_role` (`username`, `role_id`,is_delete) VALUES ('customer', '3',0);

-- add customer 
insert into customers (id, name, phone_number, day_of_birth, email, gender, address, username, is_delete) values (1, 'Daffi Janny', '0993795355', '1994-01-31', 'djanny0@cyberchimps.com', 1, '55606 Eagle Crest Parkway', 'phover8', 0);
insert into customers (id, name, phone_number, day_of_birth, email, gender, address, username, is_delete) values (2, 'Chev Lamberto', '0992002391', '1990-10-19', 'clamberto1@si.edu', 1, '6 Rowland Pass', 'sbirrel9', 0);
insert into customers (id, name, phone_number, day_of_birth, email, gender, address, username, is_delete) values (3, 'Manda Kilshall', '0948089982', '1991-10-26', 'mkilshall2@clickbank.net', 0, '14328 Lien Alley', 'ckoenea', 0);
insert into customers (id, name, phone_number, day_of_birth, email, gender, address, username, is_delete) values (4, 'Zebedee Hellings', '0962650670', '1991-03-15', 'zhellings3@ucoz.com', 0, '12 Tennessee Alley', 'epaneb', 0);
insert into customers (id, name, phone_number, day_of_birth, email, gender, address, username, is_delete) values (5, 'Sadye Magnar', '0940391670', '1992-04-04', 'smagnar4@histats.com', 0, '16 Springview Way', 'pgreggersenc', 0);
insert into customers (id, name, phone_number, day_of_birth, email, gender, address, username, is_delete) values (6, 'Yves Ojeda', '0945954847', '1993-02-25', 'yojeda5@flickr.com', 0, '91646 Melody Lane', 'ipottesd', 0);
insert into customers (id, name, phone_number, day_of_birth, email, gender, address, username, is_delete) values (7, 'Querida Pesik', '0909875910', '1994-07-10', 'qpesik6@51.la', 0, '1 Arrowood Hill', 'gsheepye', 0);
insert into customers (id, name, phone_number, day_of_birth, email, gender, address, username, is_delete) values (8, 'Ray Folca', '0913999702', '1992-01-26', 'rfolca7@barnesandnoble.com', 1, '4 Judy Point', 'wstrangwoodf', 0);
insert into customers (id, name, phone_number, day_of_birth, email, gender, address, username, is_delete) values (9, 'Lauren Adriaens', '0949066788', '1993-04-21', 'ladriaens8@nyu.edu', 0, '474 Lunder Circle', 'gbarriballg', 0);
insert into customers (id, name, phone_number, day_of_birth, email, gender, address, username, is_delete) values (10, 'Tim Brixey', '0986698357', '1990-11-14', 'tbrixey9@acquirethisname.com', 1, '632 Heath Hill', 'ssodorh', 0);
insert into customers (id, name, phone_number, day_of_birth, email, gender, address, username, is_delete) values (11, 'Ivory Varcoe', '0995435601', '1992-11-24', 'ivarcoea@constantcontact.com', 0, '6885 Dorton Drive', 'tchapplei', 0);
insert into customers (id, name, phone_number, day_of_birth, email, gender, address, username, is_delete) values (12, 'Carmelia Ommundsen', '0955091152', '1992-07-31', 'commundsenb@hhs.gov', 0, '19040 Dottie Point', 'abranchflowerj', 0);
insert into customers (id, name, phone_number, day_of_birth, email, gender, address, username, is_delete) values (13, 'Evered Pinsent', '0943681524', '1992-09-25', 'epinsentc@amazonaws.com', 1, '17581 Mitchell Court', 'gabyssk', 0);
insert into customers (id, name, phone_number, day_of_birth, email, gender, address, username, is_delete) values (14, 'Roger DeSousa', '0971836560', '1993-10-21', 'rdesousad@google.es', 0, '506 Myrtle Road', 'wdanneill', 0);
insert into customers (id, name, phone_number, day_of_birth, email, gender, address, username, is_delete) values (15, 'Marmaduke Northwood', '0974756367', '1993-07-25', 'mnorthwoode@wikimedia.org', 0, '0344 Caliangt Pass', 'fgyurkom', 0);
insert into customers (id, name, phone_number, day_of_birth, email, gender, address, username, is_delete) values (16, 'Colman Wingeat', '0911646250', '1994-07-26', 'cwingeatf@prnewswire.com', 1, '6952 Darwin Way', 'dmillardn', 0);
insert into customers (id, name, phone_number, day_of_birth, email, gender, address, username, is_delete) values (17, 'Patten Richly', '0963375549', '1994-01-16', 'prichlyg@reddit.com', 1, '70626 Armistice Terrace', 'daspinalo', 0);
insert into customers (id, name, phone_number, day_of_birth, email, gender, address, username, is_delete) values (18, 'Ceil Spaducci', '0903814995', '1991-08-22', 'cspaduccih@delicious.com', 1, '2920 Mcbride Way', 'kduftonp', 0);
insert into customers (id, name, phone_number, day_of_birth, email, gender, address, username, is_delete) values (19, 'Margie Sommerly', '0957076600', '1991-11-30', 'msommerlyi@usgs.gov', 0, '94003 Kings Way', 'cwilkensonq', 0);
insert into customers (id, name, phone_number, day_of_birth, email, gender, address, username, is_delete) values (20, 'Elysha Marl', '0905061204', '1994-10-19', 'emarlj@smugmug.com', 1, '148 Scott Drive', 'cmatteottir', 0);

-- add shipping 
INSERT INTO `shipping` (`id`, `method`, `price`) VALUES ('1', 'Giao hàng tiêu chuẩn', '30000');
INSERT INTO `shipping` (`id`, `method`, `price`) VALUES ('2', 'Giao hàng nhanh', '50000');
INSERT INTO `shipping` (`id`, `method`, `price`) VALUES ('3', 'Giao hàng hỏa tốc', '70000');
INSERT INTO `shipping` (`id`, `method`, `price`) VALUES ('4', 'Giao hàng hàng không', '75000');

-- add books
insert into books (id, name, image, supplier, author, translator, publisher, publish_year, weight, demension, pages, cover, price, stock, details, book_type, is_delete) values (1, 'Lời tự thú của 1 bậc thầy quảng cáo ', 'https://firebasestorage.googleapis.com/v0/b/sprint-2-data.appspot.com/o/sach_kinh_te%2Fbook_economy%20(1).jpg?alt=media&token=66d40a49-7e91-4c76-a150-f85a90720116
', 'Kuphal-Hickle', 'Jonathon Marquot', 'Wilek Benge', 'Hagenes and Sons', 2012, 211, '120x250', 149, 'Bìa Mềm', '914000', 109, 'Vivamus vel nulla eget eros elementum pellentesque. Quisque porta volutpat erat. Quisque erat eros, viverra eget, congue eget, semper rutrum, nulla. Nunc purus. Phasellus in felis. Donec semper sapien a libero.', 2,0);
insert into books (id, name, image, supplier, author, translator, publisher, publish_year, weight, demension, pages, cover, price, stock, details, book_type, is_delete) values (2, 'Cách mạng màu cam ', 'https://firebasestorage.googleapis.com/v0/b/sprint-2-data.appspot.com/o/sach_kinh_te%2Fbook_economy%20(2).jpg?alt=media&token=217480a1-00b1-4ee1-ade5-855790f45c7a
', 'Douglas LLC', 'Tobiah Youd', 'Robenia Bagger', 'Hessel and Sons', 1994, 361, '150x300', 271, 'Bìa Cứng', '178000', 41, 'Nam ultrices, libero non mattis pulvinar, nulla pede ullamcorper augue, a suscipit nulla elit ac nulla. Sed vel enim sit amet nunc viverra dapibus. Nulla suscipit ligula in lacus. Curabitur at ipsum ac tellus semper interdum. Mauris ullamcorper purus sit amet nulla. Quisque arcu libero, rutrum ac, lobortis vel, dapibus at, diam.', 4,0);
insert into books (id, name, image, supplier, author, translator, publisher, publish_year, weight, demension, pages, cover, price, stock, details, book_type, is_delete ) values (3, 'Nước Mỹ dưới thời Donal Trump', 'https://firebasestorage.googleapis.com/v0/b/sprint-2-data.appspot.com/o/sach_kinh_te%2Fbook_economy%20(3).jpg?alt=media&token=2e7b1044-5285-4286-823c-161beec4cee2
', 'Weber and Sons', 'Dannie Elia', 'Thatch Wilshaw', 'Predovic Group', 2008, 364, '150x300', 279, 'Bìa Cứng', '464000', 86, 'Donec semper sapien a libero. Nam dui. Proin leo odio, porttitor id, consequat in, consequat ut, nulla.', 2,0);
insert into books (id, name, image, supplier, author, translator, publisher, publish_year, weight, demension, pages, cover, price, stock, details, book_type, is_delete) values (4, 'Quán tươi cười là nơi khách đến ', 'https://firebasestorage.googleapis.com/v0/b/sprint-2-data.appspot.com/o/sach_kinh_te%2Fbook_economy%20(4).jpg?alt=media&token=a96d6959-bd5d-488b-8ea2-62ac40c75ed5
', 'Olson-Block', 'Liesa Geer', 'Lishe Carmichael', 'Harvey LLC', 2000, 444, '120x250', 242, 'Bìa Cứng', '751000', 92, 'Quisque id justo sit amet sapien dignissim vestibulum. Vestibulum ante ipsum primis in faucibus orci luctus et ultrices posuere cubilia Curae; Nulla dapibus dolor vel est. Donec odio justo, sollicitudin ut, suscipit a, feugiat et, eros. Vestibulum ac est lacinia nisi venenatis tristique. Fusce congue, diam id ornare imperdiet, sapien urna pretium nisl, ut volutpat sapien arcu sed augue. Aliquam erat volutpat. In congue. Etiam justo.', 2,0);
insert into books (id, name, image, supplier, author, translator, publisher, publish_year, weight, demension, pages, cover, price, stock, details, book_type, is_delete) values (5, 'Mười sai làm chết người trong tiếp thị ', 'https://firebasestorage.googleapis.com/v0/b/sprint-2-data.appspot.com/o/sach_kinh_te%2Fbook_economy%20(5).jpg?alt=media&token=7043a916-be4e-4db5-9311-7d5a7e1473ee
', 'Rowe and Sons', 'Risa Turpin', 'Galvin De Carolis', 'Dibbert-Crooks', 1993, 341, '200x500', 117, 'Bìa Mềm', '243000', 113, 'Proin at turpis a pede posuere nonummy. Integer non velit. Donec diam neque, vestibulum eget, vulputate ut, ultrices vel, augue. Vestibulum ante ipsum primis in faucibus orci luctus et ultrices posuere cubilia Curae; Donec pharetra, magna vestibulum aliquet ultrices, erat tortor sollicitudin mi, sit amet lobortis sapien sapien non mi. Integer ac neque. Duis bibendum.', 3,0);
insert into books (id, name, image, supplier, author, translator, publisher, publish_year, weight, demension, pages, cover, price, stock, details, book_type, is_delete) values (6, 'Nâng tâm dịch vụ ', 'https://firebasestorage.googleapis.com/v0/b/sprint-2-data.appspot.com/o/sach_kinh_te%2Fbook_economy%20(6).jpg?alt=media&token=3e88d25e-4a5e-4fb2-84c0-923d8564c764
', 'Parker-Runolfsdottir', 'Wynn Chaster', 'Fayth Lydford', 'Mann and Sons', 2012, 358, '120x250', 114, 'Bìa Cứng', '219000', 69, 'Maecenas tincidunt lacus at velit. Vivamus vel nulla eget eros elementum pellentesque. Quisque porta volutpat erat.', 2,0);
insert into books (id, name, image, supplier, author, translator, publisher, publish_year, weight, demension, pages, cover, price, stock, details, book_type, is_delete) values (7, 'Quảng trường và tòa tháp', 'https://firebasestorage.googleapis.com/v0/b/sprint-2-data.appspot.com/o/sach_kinh_te%2Fbook_economy%20(7).jpg?alt=media&token=1527686c-3b72-4487-8211-2203e08b3eda
', 'Towne-Kris', 'Gertrudis Gurnell', 'Meagan Martyns', 'Beahan-Reichel', 2013, 393, '120x250', 233, 'Bìa Mềm', '388000', 59, 'Vivamus metus arcu, adipiscing molestie, hendrerit at, vulputate vitae, nisl. Aenean lectus. Pellentesque eget nunc. Donec quis orci eget orci vehicula condimentum.', 2,0);
insert into books (id, name, image, supplier, author, translator, publisher, publish_year, weight, demension, pages, cover, price, stock, details, book_type, is_delete) values (8, 'Jack Ma và Alibaba', 'https://firebasestorage.googleapis.com/v0/b/sprint-2-data.appspot.com/o/sach_kinh_te%2Fbook_economy%20(8).jpg?alt=media&token=a45896be-7bd7-4933-a651-0633be69f1c9
', 'Reinger-Hauck', 'Sara Tomicki', 'Guglielmo Warwick', 'Conn and Sons', 2005, 345, '120x250', 240, 'Bìa Cứng', '194000', 30, 'Etiam faucibus cursus urna. Ut tellus. Nulla ut erat id mauris vulputate elementum. Nullam varius. Nulla facilisi. Cras non velit nec nisi vulputate nonummy. Maecenas tincidunt lacus at velit.', 1,0);
insert into books (id, name, image, supplier, author, translator, publisher, publish_year, weight, demension, pages, cover, price, stock, details, book_type, is_delete) values (9, 'Bí quyết trở thành tỉ phú', 'https://firebasestorage.googleapis.com/v0/b/sprint-2-data.appspot.com/o/sach_kinh_te%2Fbook_economy%20(9).jpg?alt=media&token=a8d4a46f-6d24-4144-8064-e7bfb314df00
', 'Bergstrom-Hauck', 'Rheba Allitt', 'Stuart Guilayn', 'Shields-Donnelly', 2000, 351, '200x500', 233, 'Bìa Cứng', '724000', 51, 'Nam congue, risus semper porta volutpat, quam pede lobortis ligula, sit amet eleifend pede libero quis orci. Nullam molestie nibh in lectus. Pellentesque at nulla. Suspendisse potenti. Cras in purus eu magna vulputate luctus. Cum sociis natoque penatibus et magnis dis parturient montes, nascetur ridiculus mus. Vivamus vestibulum sagittis sapien. Cum sociis natoque penatibus et magnis dis parturient montes, nascetur ridiculus mus.', 3,0);
insert into books (id, name, image, supplier, author, translator, publisher, publish_year, weight, demension, pages, cover, price, stock, details, book_type, is_delete) values (10, 'Sói già phố wall', 'https://firebasestorage.googleapis.com/v0/b/sprint-2-data.appspot.com/o/sach_kinh_te%2Fbook_economy%20(10).jpg?alt=media&token=45019aca-8c65-4cca-b0d2-0ab97694a371
', 'Wehner, Jones and Legros', 'Ellery Mepham', 'Hayward Isley', 'Strosin-Grady', 1999, 408, '150x300', 281, 'Bìa Mềm', '325000', 69, 'Nunc purus. Phasellus in felis. Donec semper sapien a libero. Nam dui. Proin leo odio, porttitor id, consequat in, consequat ut, nulla. Sed accumsan felis. Ut at dolor quis odio consequat varius.', 2,0);
insert into books (id, name, image, supplier, author, translator, publisher, publish_year, weight, demension, pages, cover, price, stock, details, book_type, is_delete) values (11, 'Định hình cuộc cách mạng công nghiệp lần thứ 4', 'https://firebasestorage.googleapis.com/v0/b/sprint-2-data.appspot.com/o/sach_kinh_te%2Fbook_economy%20(11).jpg?alt=media&token=06a0be1d-3a8d-47f1-899f-2b8dd20592b2
', 'Paucek Group', 'Patrica Vannuccini', 'Mollie Helliker', 'Pfeffer, Predovic and Lynch', 2018, 330, '120x250', 123, 'Bìa Mềm', '160000', 49, 'Sed vel enim sit amet nunc viverra dapibus. Nulla suscipit ligula in lacus. Curabitur at ipsum ac tellus semper interdum. Mauris ullamcorper purus sit amet nulla.', 1,0);
insert into books (id, name, image, supplier, author, translator, publisher, publish_year, weight, demension, pages, cover, price, stock, details, book_type, is_delete) values (12, 'Quảng cáo không nói láo', 'https://firebasestorage.googleapis.com/v0/b/sprint-2-data.appspot.com/o/sach_kinh_te%2Fbook_economy%20(12).jpg?alt=media&token=74aa797e-c47b-44d7-b37f-d574a33d4d6f
', 'Towne-Graham', 'Karmen O'' Timony', 'Becka Scalera', 'Huels-Daniel', 2006, 424, '120x250', 192, 'Bìa Mềm', '838000', 114, 'Pellentesque ultrices mattis odio. Donec vitae nisi. Nam ultrices, libero non mattis pulvinar, nulla pede ullamcorper augue, a suscipit nulla elit ac nulla. Sed vel enim sit amet nunc viverra dapibus. Nulla suscipit ligula in lacus.', 2,0);
insert into books (id, name, image, supplier, author, translator, publisher, publish_year, weight, demension, pages, cover, price, stock, details, book_type, is_delete) values (13, 'Yêu trong tỉnh thức', 'https://firebasestorage.googleapis.com/v0/b/sprint-2-data.appspot.com/o/sach_tam_ly%2Fbook_tamly%20(1).jpg?alt=media&token=7438639f-f6d2-4cba-be95-dc05a1189301
', 'Mitchell-Murray', 'Anjanette Balas', 'Cherida Statefield', 'Brown and Sons', 2001, 237, '150x300', 226, 'Bìa Cứng', '864000', 90, 'Integer pede justo, lacinia eget, tincidunt eget, tempus vel, pede. Morbi porttitor lorem id ligula. Suspendisse ornare consequat lectus.', 1,0);
insert into books (id, name, image, supplier, author, translator, publisher, publish_year, weight, demension, pages, cover, price, stock, details, book_type, is_delete) values (14, 'Tâm lý học tội phạm (Phác thảo chân dung kẻ phạm tội)', 'https://firebasestorage.googleapis.com/v0/b/sprint-2-data.appspot.com/o/sach_tam_ly%2Fbook_tamly%20(2).jpg?alt=media&token=c013dbdf-fe24-4e66-98fc-bd2d1cd00fe5
', 'Kohler, McClure and Veum', 'Harrietta Andras', 'Emmott Ashpole', 'Gutmann, Denesik and Walsh', 2011, 387, '120x250', 161, 'Bìa Cứng', '865000', 112, 'In est risus, auctor sed, tristique in, tempus sit amet, sem. Fusce consequat. Nulla nisl. Nunc nisl. Duis bibendum, felis sed interdum venenatis, turpis enim blandit mi, in porttitor pede justo eu massa. Donec dapibus. Duis at velit eu est congue elementum. In hac habitasse platea dictumst. Morbi vestibulum, velit id pretium iaculis, diam erat fermentum justo, nec condimentum neque sapien placerat ante.', 1,0);
insert into books (id, name, image, supplier, author, translator, publisher, publish_year, weight, demension, pages, cover, price, stock, details, book_type, is_delete) values (15, 'Thao túng tâm lý', 'https://firebasestorage.googleapis.com/v0/b/sprint-2-data.appspot.com/o/sach_tam_ly%2Fbook_tamly%20(3).jpg?alt=media&token=d4288486-e2cb-4093-bbc7-ca5f2db24420
', 'Nikolaus, Kiehn and Gaylord', 'Sylvan Pennock', 'Filmore Marginson', 'Wilderman and Sons', 2001, 374, '120x250', 162, 'Bìa Mềm', '146000', 55, 'Cum sociis natoque penatibus et magnis dis parturient montes, nascetur ridiculus mus.', 1,0);
insert into books (id, name, image, supplier, author, translator, publisher, publish_year, weight, demension, pages, cover, price, stock, details, book_type, is_delete) values (16, 'Tâm lý học về tiền', 'https://firebasestorage.googleapis.com/v0/b/sprint-2-data.appspot.com/o/sach_tam_ly%2Fbook_tamly%20(4).jpg?alt=media&token=60e0897b-7b7d-4739-b240-61eaf190d410
', 'Moen and Sons', 'Magdalena Hastwell', 'Rafaellle Aartsen', 'Ratke LLC', 2012, 205, '150x300', 219, 'Bìa Cứng', '839000', 102, 'Nulla neque libero, convallis eget, eleifend luctus, ultricies eu, nibh. Quisque id justo sit amet sapien dignissim vestibulum.', 2,0);
insert into books (id, name, image, supplier, author, translator, publisher, publish_year, weight, demension, pages, cover, price, stock, details, book_type, is_delete) values (17, 'Hiểu về trái tim ', 'https://firebasestorage.googleapis.com/v0/b/sprint-2-data.appspot.com/o/sach_tam_ly%2Fbook_tamly%20(5).jpg?alt=media&token=5a4c804d-b497-4446-8fcc-65654490a6ec
', 'White Group', 'Kesley Cornu', 'Prince Bosnell', 'Prosacco-Zemlak', 2007, 263, '120x250', 128, 'Bìa Mềm', '642000', 71, 'Praesent lectus. Vestibulum quam sapien, varius ut, blandit non, interdum in, ante. Vestibulum ante ipsum primis in faucibus orci luctus et ultrices posuere cubilia Curae; Duis faucibus accumsan odio. Curabitur convallis. Duis consequat dui nec nisi volutpat eleifend. Donec ut dolor. Morbi vel lectus in quam fringilla rhoncus.', 3,0);
insert into books (id, name, image, supplier, author, translator, publisher, publish_year, weight, demension, pages, cover, price, stock, details, book_type, is_delete) values (18, 'Thiên tài bên trái, kẻ điên bên phải', 'https://firebasestorage.googleapis.com/v0/b/sprint-2-data.appspot.com/o/sach_tam_ly%2Fbook_tamly%20(6).jpg?alt=media&token=ef41c80f-4a39-4e33-9a09-ca741baa52d1
', 'Keebler, Herzog and Stracke', 'Marcelo Ghio', 'Rolph Hardes', 'Hilpert Group', 2020, 232, '120x250', 221, 'Bìa Mềm', '662000', 102, 'In hac habitasse platea dictumst. Aliquam augue quam, sollicitudin vitae, consectetuer eget, rutrum at, lorem. Integer tincidunt ante vel ipsum. Praesent blandit lacinia erat. Vestibulum sed magna at nunc commodo placerat. Praesent blandit.', 3,0);
insert into books (id, name, image, supplier, author, translator, publisher, publish_year, weight, demension, pages, cover, price, stock, details, book_type, is_delete) values (19, 'Thay đổi cuộc sống với thần số học', 'https://firebasestorage.googleapis.com/v0/b/sprint-2-data.appspot.com/o/sach_tam_ly%2Fbook_tamly%20(7).jpg?alt=media&token=de238f56-1ade-4b65-97a4-90bdb6de1b48
', 'Lang LLC', 'Sherline Wiggam', 'Lorita McCarrison', 'Tromp, Keeling and Ledner', 2019, 234, '200x500', 245, 'Bìa Mềm', '128000', 92, 'In hac habitasse platea dictumst. Maecenas ut massa quis augue luctus tincidunt. Nulla mollis molestie lorem. Quisque ut erat. Curabitur gravida nisi at nibh.', 2,0);
insert into books (id, name, image, supplier, author, translator, publisher, publish_year, weight, demension, pages, cover, price, stock, details, book_type, is_delete) values (20, 'Tâm lý học tinh cách ', 'https://firebasestorage.googleapis.com/v0/b/sprint-2-data.appspot.com/o/sach_tam_ly%2Fbook_tamly%20(8).jpg?alt=media&token=2143bcbf-ee6e-42f5-b9b1-5171c5e1f95b
', 'Ullrich LLC', 'Addie Kesteven', 'Quincey Fear', 'Beahan Group', 2016, 318, '120x250', 104, 'Bìa Mềm', '873000', 73, 'Vestibulum ante ipsum primis in faucibus orci luctus et ultrices posuere cubilia Curae; Donec pharetra, magna vestibulum aliquet ultrices, erat tortor sollicitudin mi, sit amet lobortis sapien sapien non mi. Integer ac neque. Duis bibendum. Morbi non quam nec dui luctus rutrum. Nulla tellus. In sagittis dui vel nisl. Duis ac nibh. Fusce lacus purus, aliquet at, feugiat non, pretium quis, lectus.', 1,0);
insert into books (id, name, image, supplier, author, translator, publisher, publish_year, weight, demension, pages, cover, price, stock, details, book_type, is_delete) values (21, 'Chủ nghĩa khắc kỷ', 'https://firebasestorage.googleapis.com/v0/b/sprint-2-data.appspot.com/o/sach_tam_ly%2Fbook_tamly%20(9).jpg?alt=media&token=9df59ada-79d6-4165-a5ea-06e189dbaf82
', 'Doyle-Stiedemann', 'Oliy Sweeting', 'Haskell Moulder', 'Dibbert and Sons', 1992, 465, '120x250', 106, 'Bìa Cứng', '900000', 100, 'Vivamus vel nulla eget eros elementum pellentesque. Quisque porta volutpat erat. Quisque erat eros, viverra eget, congue eget, semper rutrum, nulla. Nunc purus. Phasellus in felis.', 1,0);
insert into books (id, name, image, supplier, author, translator, publisher, publish_year, weight, demension, pages, cover, price, stock, details, book_type, is_delete) values (22, 'Đắc nhân tâm', 'https://firebasestorage.googleapis.com/v0/b/sprint-2-data.appspot.com/o/sach_tam_ly%2Fbook_tamly%20(10).jpg?alt=media&token=75422853-1665-42c8-949c-82f15c661fd1
', 'Heidenreich-Hegmann', 'Irene Dammarell', 'Cyndie Pudsall', 'Schultz, Adams and Schmitt', 2013, 482, '200x500', 133, 'Bìa Mềm', '214000', 87, 'Etiam vel augue. Vestibulum rutrum rutrum neque. Aenean auctor gravida sem. Praesent id massa id nisl venenatis lacinia. Aenean sit amet justo. Morbi ut odio.', 1,0);
insert into books (id, name, image, supplier, author, translator, publisher, publish_year, weight, demension, pages, cover, price, stock, details, book_type, is_delete) values (23, 'Điệp viên hoàn hảo', 'https://firebasestorage.googleapis.com/v0/b/sprint-2-data.appspot.com/o/sach_hoi_ky%2Fbook_hoiky%20(1).jpg?alt=media&token=3f598890-94f9-485c-8742-8ee4151b89dc
', 'Heathcote-Bode', 'Lee Toohey', 'Cathlene Flather', 'Gorczany, Graham and Balistreri', 2000, 371, '120x250', 154, 'Bìa Cứng', '140000', 115, 'Fusce consequat. Nulla nisl. Nunc nisl.', 1,0);
insert into books (id, name, image, supplier, author, translator, publisher, publish_year, weight, demension, pages, cover, price, stock, details, book_type, is_delete) values (24, 'Tình yêu gia đình sự nghiệp', 'https://firebasestorage.googleapis.com/v0/b/sprint-2-data.appspot.com/o/sach_hoi_ky%2Fbook_hoiky%20(2).jpg?alt=media&token=faabc949-6e29-4938-95ff-355e5ca404c2
', 'Ortiz-Littel', 'Giulio Ledgerton', 'Bartolemo Cracoe', 'Beer-Collins', 2008, 391, '150x300', 208, 'Bìa Cứng', '164000', 38, 'Maecenas leo odio, condimentum id, luctus nec, molestie sed, justo. Pellentesque viverra pede ac diam. Cras pellentesque volutpat dui. Maecenas tristique, est et tempus semper, est quam pharetra magna, ac consequat metus sapien ut nunc. Vestibulum ante ipsum primis in faucibus orci luctus et ultrices posuere cubilia Curae; Mauris viverra diam vitae quam. Suspendisse potenti.', 4,0);
insert into books (id, name, image, supplier, author, translator, publisher, publish_year, weight, demension, pages, cover, price, stock, details, book_type, is_delete) values (25, 'Không gục ngã', 'https://firebasestorage.googleapis.com/v0/b/sprint-2-data.appspot.com/o/sach_hoi_ky%2Fbook_hoiky%20(3).jpg?alt=media&token=a859b106-fda9-4409-886d-38c40ab95583
', 'Kling Inc', 'Rhiamon Daynter', 'Ariana Tytcomb', 'O''Keefe and Sons', 2021, 264, '120x250', 264, 'Bìa Mềm', '187000', 43, 'In hac habitasse platea dictumst. Etiam faucibus cursus urna. Ut tellus. Nulla ut erat id mauris vulputate elementum.', 4,0);
insert into books (id, name, image, supplier, author, translator, publisher, publish_year, weight, demension, pages, cover, price, stock, details, book_type, is_delete) values (26, 'Ngọn lửa xanh', 'https://firebasestorage.googleapis.com/v0/b/sprint-2-data.appspot.com/o/sach_hoi_ky%2Fbook_hoiky%20(4).jpg?alt=media&token=812f0c0f-2fa8-4606-a32c-7c1e93d8fd53
', 'Murray-Ankunding', 'Stavro Major', 'Rochester Willacot', 'Dooley and Sons', 2015, 388, '120x250', 261, 'Bìa Cứng', '477000', 109, 'Aliquam augue quam, sollicitudin vitae, consectetuer eget, rutrum at, lorem. Integer tincidunt ante vel ipsum. Praesent blandit lacinia erat. Vestibulum sed magna at nunc commodo placerat. Praesent blandit. Nam nulla. Integer pede justo, lacinia eget, tincidunt eget, tempus vel, pede. Morbi porttitor lorem id ligula. Suspendisse ornare consequat lectus. In est risus, auctor sed, tristique in, tempus sit amet, sem.', 2,0);
insert into books (id, name, image, supplier, author, translator, publisher, publish_year, weight, demension, pages, cover, price, stock, details, book_type, is_delete) values (27, 'Hồi ký Trần Quốc Hưng', 'https://firebasestorage.googleapis.com/v0/b/sprint-2-data.appspot.com/o/sach_hoi_ky%2Fbook_hoiky%20(5).jpg?alt=media&token=55b1c735-b343-4775-b36f-8df69c5fc4eb
', 'Reichert, Rolfson and Aufderhar', 'Luigi Aizikov', 'Ogdon Falcus', 'Stehr and Sons', 2009, 238, '120x250', 116, 'Bìa Cứng', '223000', 53, 'Suspendisse potenti. Nullam porttitor lacus at turpis. Donec posuere metus vitae ipsum. Aliquam non mauris.', 3,0);
insert into books (id, name, image, supplier, author, translator, publisher, publish_year, weight, demension, pages, cover, price, stock, details, book_type, is_delete) values (28, 'Khi hơi thở hóa thinh không', 'https://firebasestorage.googleapis.com/v0/b/sprint-2-data.appspot.com/o/sach_hoi_ky%2Fbook_hoiky%20(6).jpg?alt=media&token=bdb27a94-778d-47ca-bc77-9a7734ff048b
', 'Fahey Group', 'Lev Tumayan', 'Denyse Howen', 'Frami and Sons', 1998, 468, '200x500', 296, 'Bìa Mềm', '736000', 116, 'Duis consequat dui nec nisi volutpat eleifend. Donec ut dolor. Morbi vel lectus in quam fringilla rhoncus. Mauris enim leo, rhoncus sed, vestibulum sit amet, cursus id, turpis. Integer aliquet, massa id lobortis convallis, tortor risus dapibus augue, vel accumsan tellus nisi eu orci.', 4,0);
insert into books (id, name, image, supplier, author, translator, publisher, publish_year, weight, demension, pages, cover, price, stock, details, book_type, is_delete) values (29, 'Từ kiến trúc sư thành bác sỹ ở Hoa kỳ ', 'https://firebasestorage.googleapis.com/v0/b/sprint-2-data.appspot.com/o/sach_hoi_ky%2Fbook_hoiky%20(7).jpg?alt=media&token=a579ada4-f1ce-4a4f-aa73-b2382e88b5ab
', 'Murazik Inc', 'Jess Parr', 'Zuzana Extence', 'Beier and Sons', 2013, 309, '200x500', 104, 'Bìa Mềm', '608000', 40, 'Nunc rhoncus dui vel sem. Sed sagittis. Nam congue, risus semper porta volutpat, quam pede lobortis ligula, sit amet eleifend pede libero quis orci. Nullam molestie nibh in lectus. Pellentesque at nulla. Suspendisse potenti. Cras in purus eu magna vulputate luctus. Cum sociis natoque penatibus et magnis dis parturient montes, nascetur ridiculus mus. Vivamus vestibulum sagittis sapien.', 2,0);
insert into books (id, name, image, supplier, author, translator, publisher, publish_year, weight, demension, pages, cover, price, stock, details, book_type, is_delete) values (30, 'Hồi ký Anna Frank ', 'https://firebasestorage.googleapis.com/v0/b/sprint-2-data.appspot.com/o/sach_hoi_ky%2Fbook_hoiky%20(8).jpg?alt=media&token=8675c753-96ec-4a29-a484-d12c799602f1
', 'Lubowitz-Stiedemann', 'Belinda Le Strange', 'Gerrilee Spelling', 'Goodwin Inc', 2014, 414, '120x250', 178, 'Bìa Mềm', '401000', 35, 'Sed vel enim sit amet nunc viverra dapibus. Nulla suscipit ligula in lacus.', 2,0);
insert into books (id, name, image, supplier, author, translator, publisher, publish_year, weight, demension, pages, cover, price, stock, details, book_type, is_delete) values (31, 'Chạy bộ để vượt qua', 'https://firebasestorage.googleapis.com/v0/b/sprint-2-data.appspot.com/o/sach_hoi_ky%2Fbook_hoiky%20(9).jpg?alt=media&token=899a8f22-df7e-4c5b-8b06-9c2628fa9d15
', 'Waelchi and Sons', 'Dolph Baike', 'Terencio Blaxland', 'Macejkovic, Effertz and Romaguera', 2006, 453, '200x500', 247, 'Bìa Cứng', '789000', 103, 'Duis at velit eu est congue elementum. In hac habitasse platea dictumst. Morbi vestibulum, velit id pretium iaculis, diam erat fermentum justo, nec condimentum neque sapien placerat ante.', 4,0);
insert into books (id, name, image, supplier, author, translator, publisher, publish_year, weight, demension, pages, cover, price, stock, details, book_type, is_delete) values (32, 'Tôi học đại học', 'https://firebasestorage.googleapis.com/v0/b/sprint-2-data.appspot.com/o/sach_hoi_ky%2Fbook_hoiky%20(10).jpg?alt=media&token=177d2da3-dd36-44c6-aea7-8190ef08266c
', 'Rowe, Beier and Hudson', 'Kata de Chastelain', 'Julina Fincher', 'Aufderhar LLC', 1992, 404, '120x250', 279, 'Bìa Mềm', '415000', 80, 'Nulla neque libero, convallis eget, eleifend luctus, ultricies eu, nibh. Quisque id justo sit amet sapien dignissim vestibulum. Vestibulum ante ipsum primis in faucibus orci luctus et ultrices posuere cubilia Curae; Nulla dapibus dolor vel est. Donec odio justo, sollicitudin ut, suscipit a, feugiat et, eros. Vestibulum ac est lacinia nisi venenatis tristique. Fusce congue, diam id ornare imperdiet, sapien urna pretium nisl, ut volutpat sapien arcu sed augue. Aliquam erat volutpat.', 2,0);
insert into books (id, name, image, supplier, author, translator, publisher, publish_year, weight, demension, pages, cover, price, stock, details, book_type, is_delete) values (33, 'Lý Quang Diệu nhưng điều tôi biết', 'https://firebasestorage.googleapis.com/v0/b/sprint-2-data.appspot.com/o/sach_hoi_ky%2Fbook_hoiky%20(11).jpg?alt=media&token=a3de38eb-8160-40d7-9b36-4cc636a1aafd
', 'Cummings-Halvorson', 'Nevin Royan', 'Jandy Syddall', 'Metz LLC', 1997, 340, '150x300', 109, 'Bìa Mềm', '175000', 64, 'Praesent lectus. Vestibulum quam sapien, varius ut, blandit non, interdum in, ante. Vestibulum ante ipsum primis in faucibus orci luctus et ultrices posuere cubilia Curae; Duis faucibus accumsan odio. Curabitur convallis. Duis consequat dui nec nisi volutpat eleifend. Donec ut dolor. Morbi vel lectus in quam fringilla rhoncus.', 1,0);
insert into books (id, name, image, supplier, author, translator, publisher, publish_year, weight, demension, pages, cover, price, stock, details, book_type, is_delete) values (34, 'Elon Musk', 'https://firebasestorage.googleapis.com/v0/b/sprint-2-data.appspot.com/o/sach_hoi_ky%2Fbook_hoiky%20(12).jpg?alt=media&token=49a8659b-83b0-49fe-baf1-e2b232414525
', 'Monahan Inc', 'Towny Dils', 'Aldridge Klyn', 'Marks Inc', 1998, 500, '120x250', 201, 'Bìa Cứng', '682000', 45, 'In congue. Etiam justo. Etiam pretium iaculis justo. In hac habitasse platea dictumst. Etiam faucibus cursus urna.', 3,0);
insert into books (id, name, image, supplier, author, translator, publisher, publish_year, weight, demension, pages, cover, price, stock, details, book_type, is_delete) values (35, 'Số nhọ không đọ lạc quan', 'https://firebasestorage.googleapis.com/v0/b/sprint-2-data.appspot.com/o/sach_hoi_ky%2Fbook_hoiky%20(13).jpg?alt=media&token=421475dc-63a2-44b8-9b37-85de655819d0
', 'Heathcote Group', 'Welbie Linebarger', 'Desiri Grosvener', 'Rath, Predovic and Raynor', 2010, 285, '150x300', 122, 'Bìa Mềm', '941000', 94, 'Maecenas tincidunt lacus at velit. Vivamus vel nulla eget eros elementum pellentesque.', 1,0);
insert into books (id, name, image, supplier, author, translator, publisher, publish_year, weight, demension, pages, cover, price, stock, details, book_type, is_delete) values (36, 'Nhà giả kim', 'https://firebasestorage.googleapis.com/v0/b/sprint-2-data.appspot.com/o/sach_van_hoc%2Fimage_vanhoc%20(1).jpg?alt=media&token=88986b34-ad11-457a-9260-eaf70a2edc37
', 'Becker, Goodwin and Toy', 'Elsworth Heskey', 'Allister Dorling', 'Trantow Inc', 2017, 476, '200x500', 155, 'Bìa Cứng', '139000', 84, 'Morbi porttitor lorem id ligula. Suspendisse ornare consequat lectus. In est risus, auctor sed, tristique in, tempus sit amet, sem. Fusce consequat. Nulla nisl. Nunc nisl. Duis bibendum, felis sed interdum venenatis, turpis enim blandit mi, in porttitor pede justo eu massa. Donec dapibus. Duis at velit eu est congue elementum. In hac habitasse platea dictumst.', 2,0);
insert into books (id, name, image, supplier, author, translator, publisher, publish_year, weight, demension, pages, cover, price, stock, details, book_type, is_delete) values (37, 'Số đỏ', 'https://firebasestorage.googleapis.com/v0/b/sprint-2-data.appspot.com/o/sach_van_hoc%2Fimage_vanhoc%20(2).jpg?alt=media&token=9684d78c-d0af-40a0-9298-b526abd7e422
', 'McGlynn-Carroll', 'Sergio Dufer', 'Kelley Ready', 'Mohr, Gibson and Spencer', 2014, 200, '150x300', 231, 'Bìa Cứng', '302000', 91, 'Morbi quis tortor id nulla ultrices aliquet. Maecenas leo odio, condimentum id, luctus nec, molestie sed, justo. Pellentesque viverra pede ac diam. Cras pellentesque volutpat dui. Maecenas tristique, est et tempus semper, est quam pharetra magna, ac consequat metus sapien ut nunc. Vestibulum ante ipsum primis in faucibus orci luctus et ultrices posuere cubilia Curae; Mauris viverra diam vitae quam. Suspendisse potenti. Nullam porttitor lacus at turpis. Donec posuere metus vitae ipsum. Aliquam non mauris.', 3,0);
insert into books (id, name, image, supplier, author, translator, publisher, publish_year, weight, demension, pages, cover, price, stock, details, book_type, is_delete) values (38, 'Dấu chân trên cát', 'https://firebasestorage.googleapis.com/v0/b/sprint-2-data.appspot.com/o/sach_van_hoc%2Fimage_vanhoc%20(3).jpg?alt=media&token=fa3d0565-19ed-470f-9d8a-508be83fd7da
', 'Feil Inc', 'Dew Dows', 'Charita Annett', 'Hartmann-King', 1998, 394, '200x500', 272, 'Bìa Cứng', '942000', 69, 'In hac habitasse platea dictumst. Aliquam augue quam, sollicitudin vitae, consectetuer eget, rutrum at, lorem.', 4,0);
insert into books (id, name, image, supplier, author, translator, publisher, publish_year, weight, demension, pages, cover, price, stock, details, book_type, is_delete) values (39, 'Tôi thấy hoa vàng trên cỏ xanh', 'https://firebasestorage.googleapis.com/v0/b/sprint-2-data.appspot.com/o/sach_van_hoc%2Fimage_vanhoc%20(4).jpg?alt=media&token=fd411903-ca2f-492a-ad5c-d79365cf248e
', 'Rutherford, Watsica and Schaefer', 'Hank Nannini', 'Marline Bowden', 'Armstrong-Lockman', 2001, 264, '150x300', 272, 'Bìa Mềm', '295000', 104, 'Cras pellentesque volutpat dui. Maecenas tristique, est et tempus semper, est quam pharetra magna, ac consequat metus sapien ut nunc. Vestibulum ante ipsum primis in faucibus orci luctus et ultrices posuere cubilia Curae; Mauris viverra diam vitae quam. Suspendisse potenti. Nullam porttitor lacus at turpis. Donec posuere metus vitae ipsum. Aliquam non mauris.', 4,0);
insert into books (id, name, image, supplier, author, translator, publisher, publish_year, weight, demension, pages, cover, price, stock, details, book_type, is_delete) values (40, 'Giết chết chim nhạn', 'https://firebasestorage.googleapis.com/v0/b/sprint-2-data.appspot.com/o/sach_van_hoc%2Fimage_vanhoc%20(6).jpg?alt=media&token=b06d7ec0-33af-4632-a972-fbc9a103fca2
', 'Jacobs, Zulauf and Herman', 'Orran Ruske', 'Janey Vennard', 'Wiza-Ratke', 2004, 206, '150x300', 290, 'Bìa Mềm', '092000', 66, 'Praesent blandit lacinia erat. Vestibulum sed magna at nunc commodo placerat. Praesent blandit. Nam nulla. Integer pede justo, lacinia eget, tincidunt eget, tempus vel, pede. Morbi porttitor lorem id ligula.', 2,0);

-- add order
insert into orders (id, customer_id, shipping_id, payment_method, date_process, is_delete, status) values (1, 16, 1, 'Paypal', '2022-01-07', 0, 0);
insert into orders (id, customer_id, shipping_id, payment_method, date_process, is_delete, status) values (2, 19, 4, 'Thanh Toán Tiền Mặt', '2022-03-02', 0, 0);
insert into orders (id, customer_id, shipping_id, payment_method, date_process, is_delete, status) values (3, 9, 2, 'Thanh Toán Tiền Mặt', '2022-12-01', 0, 0);
insert into orders (id, customer_id, shipping_id, payment_method, date_process, is_delete, status) values (4, 4, 2, 'Paypal', '2022-04-10', 0, 0);
insert into orders (id, customer_id, shipping_id, payment_method, date_process, is_delete, status) values (5, 12, 3, 'Thanh Toán Tiền Mặt', '2022-11-01', 0, 0);
insert into orders (id, customer_id, shipping_id, payment_method, date_process, is_delete, status) values (6, 3, 1, 'Thanh Toán Tiền Mặt', '2022-05-30', 0, 0);
insert into orders (id, customer_id, shipping_id, payment_method, date_process, is_delete, status) values (7, 19, 4, 'Thanh Toán Tiền Mặt', '2022-05-14', 0, 0);
insert into orders (id, customer_id, shipping_id, payment_method, date_process, is_delete, status) values (8, 7, 2, 'Paypal', '2022-07-22', 0, 0);
insert into orders (id, customer_id, shipping_id, payment_method, date_process, is_delete, status) values (9, 3, 3, 'Thanh Toán Tiền Mặt', '2022-02-23', 0, 0);
insert into orders (id, customer_id, shipping_id, payment_method, date_process, is_delete, status) values (10, 20, 3, 'Paypal', '2022-03-01', 0, 0);
insert into orders (id, customer_id, shipping_id, payment_method, date_process, is_delete, status) values (11, 13, 2, 'Paypal', '2022-06-25', 0, 0);
insert into orders (id, customer_id, shipping_id, payment_method, date_process, is_delete, status) values (12, 15, 4, 'Thanh Toán Tiền Mặt', '2021-12-26', 0, 0);
insert into orders (id, customer_id, shipping_id, payment_method, date_process, is_delete, status) values (13, 15, 4, 'Thanh Toán Tiền Mặt', '2021-12-08', 0, 0);
insert into orders (id, customer_id, shipping_id, payment_method, date_process, is_delete, status) values (14, 4, 1, 'Paypal', '2022-03-28', 0, 0);
insert into orders (id, customer_id, shipping_id, payment_method, date_process, is_delete, status) values (15, 3, 4, 'Thanh Toán Tiền Mặt', '2022-04-27', 0, 0);
insert into orders (id, customer_id, shipping_id, payment_method, date_process, is_delete, status) values (16, 12, 4, 'Paypal', '2022-10-23', 0, 0);
insert into orders (id, customer_id, shipping_id, payment_method, date_process, is_delete, status) values (17, 14, 3, 'Paypal', '2022-09-08', 0, 0);
insert into orders (id, customer_id, shipping_id, payment_method, date_process, is_delete, status) values (18, 9, 1, 'Paypal', '2022-07-21', 0, 0);
insert into orders (id, customer_id, shipping_id, payment_method, date_process, is_delete, status) values (19, 20, 1, 'Paypal', '2022-07-18', 0, 0);
insert into orders (id, customer_id, shipping_id, payment_method, date_process, is_delete, status) values (20, 19, 2, 'Paypal', '2022-08-05', 0, 0);

-- add order-detail

insert into order_detail (order_id, book_id, quantity) values (9, 35, 3);
insert into order_detail (order_id, book_id, quantity) values (12, 2, 1);
insert into order_detail (order_id, book_id, quantity) values (13, 28, 2);
insert into order_detail (order_id, book_id, quantity) values (14, 34, 3);
insert into order_detail (order_id, book_id, quantity) values (20, 26, 3);
insert into order_detail (order_id, book_id, quantity) values (16, 23, 5);
insert into order_detail (order_id, book_id, quantity) values (11, 21, 2);
insert into order_detail (order_id, book_id, quantity) values (8, 16, 1);
insert into order_detail (order_id, book_id, quantity) values (17, 16, 2);
insert into order_detail (order_id, book_id, quantity) values (20, 11, 2);
insert into order_detail (order_id, book_id, quantity) values (17, 6, 3);
insert into order_detail (order_id, book_id, quantity) values (2, 25, 3);
insert into order_detail (order_id, book_id, quantity) values (2, 33, 5);
insert into order_detail (order_id, book_id, quantity) values (11, 8, 2);
insert into order_detail (order_id, book_id, quantity) values (2, 23, 4);
insert into order_detail (order_id, book_id, quantity) values (1, 2, 4);
insert into order_detail (order_id, book_id, quantity) values (8, 5, 1);
insert into order_detail (order_id, book_id, quantity) values (18, 37, 5);
insert into order_detail (order_id, book_id, quantity) values (11, 35, 1);
insert into order_detail (order_id, book_id, quantity) values (20, 37, 5);

